<annotation>
	<folder>my-project-name</folder>
	<filename>image9.jpeg</filename>
	<path>/my-project-name/image9.jpeg</path>
	<source>
		<database>Unspecified</database>
	</source>
	<size>
		<width>100</width>
		<height>100</height>
		<depth>3</depth>
	</size>
	<object>
		<name>Cigarette</name>
		<pose>Unspecified</pose>
		<truncated>Unspecified</truncated>
		<difficult>Unspecified</difficult>
		<bndbox>
			<xmin>30</xmin>
			<ymin>50</ymin>
			<xmax>54</xmax>
			<ymax>72</ymax>
		</bndbox>
	</object>
</annotation>