<annotation>
	<folder>train</folder>
	<filename>125-1258332_lit-cigar-png-cigarette-png-stop-smoking-cigarette.png</filename>
	<path>/train/125-1258332_lit-cigar-png-cigarette-png-stop-smoking-cigarette.png</path>
	<source>
		<database>Unspecified</database>
	</source>
	<size>
		<width>820</width>
		<height>512</height>
		<depth>3</depth>
	</size>
	<object>
		<name>Cigarette</name>
		<pose>Unspecified</pose>
		<truncated>Unspecified</truncated>
		<difficult>Unspecified</difficult>
		<bndbox>
			<xmin>332</xmin>
			<ymin>35</ymin>
			<xmax>492</xmax>
			<ymax>373</ymax>
		</bndbox>
	</object>
</annotation>