<annotation>
	<folder>train</folder>
	<filename>1495750006Burning-Cigarette-PNG-Clipart.png</filename>
	<path>/train/1495750006Burning-Cigarette-PNG-Clipart.png</path>
	<source>
		<database>Unspecified</database>
	</source>
	<size>
		<width>1229</width>
		<height>173</height>
		<depth>3</depth>
	</size>
	<object>
		<name>Cigarette</name>
		<pose>Unspecified</pose>
		<truncated>Unspecified</truncated>
		<difficult>Unspecified</difficult>
		<bndbox>
			<xmin>4</xmin>
			<ymin>15</ymin>
			<xmax>1218</xmax>
			<ymax>154</ymax>
		</bndbox>
	</object>
</annotation>