<annotation>
	<folder>train</folder>
	<filename>1495750004Two-Crossed-Cigarettes-PNG-Clipart.png</filename>
	<path>/train/1495750004Two-Crossed-Cigarettes-PNG-Clipart.png</path>
	<source>
		<database>Unspecified</database>
	</source>
	<size>
		<width>1087</width>
		<height>1084</height>
		<depth>3</depth>
	</size>
	<object>
		<name>Cigarette</name>
		<pose>Unspecified</pose>
		<truncated>Unspecified</truncated>
		<difficult>Unspecified</difficult>
		<bndbox>
			<xmin>16</xmin>
			<ymin>50</ymin>
			<xmax>1076</xmax>
			<ymax>1063</ymax>
		</bndbox>
	</object>
	<object>
		<name>Cigarette</name>
		<pose>Unspecified</pose>
		<truncated>Unspecified</truncated>
		<difficult>Unspecified</difficult>
		<bndbox>
			<xmin>45</xmin>
			<ymin>24</ymin>
			<xmax>1079</xmax>
			<ymax>1016</ymax>
		</bndbox>
	</object>
</annotation>