<annotation>
	<folder>train</folder>
	<filename>161-1612687_the-gallery-for-real-cigarette-png-all-cb.png</filename>
	<path>/train/161-1612687_the-gallery-for-real-cigarette-png-all-cb.png</path>
	<source>
		<database>Unspecified</database>
	</source>
	<size>
		<width>820</width>
		<height>703</height>
		<depth>3</depth>
	</size>
	<object>
		<name>Cigarette</name>
		<pose>Unspecified</pose>
		<truncated>Unspecified</truncated>
		<difficult>Unspecified</difficult>
		<bndbox>
			<xmin>369</xmin>
			<ymin>37</ymin>
			<xmax>449</xmax>
			<ymax>667</ymax>
		</bndbox>
	</object>
</annotation>