<annotation>
	<folder>train</folder>
	<filename>18-184502_jpg-freeuse-png-for-free-download-on-mbtskoudsalg.png</filename>
	<path>/train/18-184502_jpg-freeuse-png-for-free-download-on-mbtskoudsalg.png</path>
	<source>
		<database>Unspecified</database>
	</source>
	<size>
		<width>820</width>
		<height>473</height>
		<depth>3</depth>
	</size>
	<object>
		<name>Cigarette</name>
		<pose>Unspecified</pose>
		<truncated>Unspecified</truncated>
		<difficult>Unspecified</difficult>
		<bndbox>
			<xmin>149</xmin>
			<ymin>346</ymin>
			<xmax>600</xmax>
			<ymax>399</ymax>
		</bndbox>
	</object>
</annotation>