<annotation>
	<folder>train</folder>
	<filename>197-1977419_cigarette-ashes-png-cigarette-png.png</filename>
	<path>/train/197-1977419_cigarette-ashes-png-cigarette-png.png</path>
	<source>
		<database>Unspecified</database>
	</source>
	<size>
		<width>820</width>
		<height>420</height>
		<depth>3</depth>
	</size>
	<object>
		<name>Cigarette</name>
		<pose>Unspecified</pose>
		<truncated>Unspecified</truncated>
		<difficult>Unspecified</difficult>
		<bndbox>
			<xmin>343</xmin>
			<ymin>35</ymin>
			<xmax>594</xmax>
			<ymax>286</ymax>
		</bndbox>
	</object>
</annotation>