<annotation>
	<folder>train</folder>
	<filename>24-247158_smoke-smoking-cigarette-png-ash-nicotine-transparent-cigarette.png</filename>
	<path>/train/24-247158_smoke-smoking-cigarette-png-ash-nicotine-transparent-cigarette.png</path>
	<source>
		<database>Unspecified</database>
	</source>
	<size>
		<width>820</width>
		<height>605</height>
		<depth>3</depth>
	</size>
	<object>
		<name>Cigarette</name>
		<pose>Unspecified</pose>
		<truncated>Unspecified</truncated>
		<difficult>Unspecified</difficult>
		<bndbox>
			<xmin>388</xmin>
			<ymin>38</ymin>
			<xmax>511</xmax>
			<ymax>457</ymax>
		</bndbox>
	</object>
</annotation>