<annotation>
	<folder>train</folder>
	<filename>300-3000520_cigarette-png-free-download-cigarette-png-transparent-background.png</filename>
	<path>/train/300-3000520_cigarette-png-free-download-cigarette-png-transparent-background.png</path>
	<source>
		<database>Unspecified</database>
	</source>
	<size>
		<width>840</width>
		<height>655</height>
		<depth>3</depth>
	</size>
	<object>
		<name>Cigarette</name>
		<pose>Unspecified</pose>
		<truncated>Unspecified</truncated>
		<difficult>Unspecified</difficult>
		<bndbox>
			<xmin>81</xmin>
			<ymin>41</ymin>
			<xmax>725</xmax>
			<ymax>620</ymax>
		</bndbox>
	</object>
</annotation>