<annotation>
	<folder>train</folder>
	<filename>372-3728947_cigarette-clipart.png</filename>
	<path>/train/372-3728947_cigarette-clipart.png</path>
	<source>
		<database>Unspecified</database>
	</source>
	<size>
		<width>840</width>
		<height>653</height>
		<depth>3</depth>
	</size>
	<object>
		<name>Cigarette</name>
		<pose>Unspecified</pose>
		<truncated>Unspecified</truncated>
		<difficult>Unspecified</difficult>
		<bndbox>
			<xmin>262</xmin>
			<ymin>283</ymin>
			<xmax>646</xmax>
			<ymax>594</ymax>
		</bndbox>
	</object>
</annotation>