<annotation>
	<folder>train</folder>
	<filename>426-4263837_set-of-cigarettes-png-image-hd-cigarette-png.png</filename>
	<path>/train/426-4263837_set-of-cigarettes-png-image-hd-cigarette-png.png</path>
	<source>
		<database>Unspecified</database>
	</source>
	<size>
		<width>820</width>
		<height>849</height>
		<depth>3</depth>
	</size>
	<object>
		<name>Cigarette</name>
		<pose>Unspecified</pose>
		<truncated>Unspecified</truncated>
		<difficult>Unspecified</difficult>
		<bndbox>
			<xmin>15</xmin>
			<ymin>101</ymin>
			<xmax>169</xmax>
			<ymax>820</ymax>
		</bndbox>
	</object>
	<object>
		<name>Cigarette</name>
		<pose>Unspecified</pose>
		<truncated>Unspecified</truncated>
		<difficult>Unspecified</difficult>
		<bndbox>
			<xmin>332</xmin>
			<ymin>39</ymin>
			<xmax>482</xmax>
			<ymax>820</ymax>
		</bndbox>
	</object>
	<object>
		<name>Cigarette</name>
		<pose>Unspecified</pose>
		<truncated>Unspecified</truncated>
		<difficult>Unspecified</difficult>
		<bndbox>
			<xmin>679</xmin>
			<ymin>31</ymin>
			<xmax>820</xmax>
			<ymax>818</ymax>
		</bndbox>
	</object>
</annotation>