<annotation>
	<folder>my-project-name</folder>
	<filename>43867066-closeup-of-a-cigarette-butt-thrown-on-the-pavement.jpg</filename>
	<path>/my-project-name/43867066-closeup-of-a-cigarette-butt-thrown-on-the-pavement.jpg</path>
	<source>
		<database>Unspecified</database>
	</source>
	<size>
		<width>1300</width>
		<height>856</height>
		<depth>3</depth>
	</size>
	<object>
		<name>Cigarette</name>
		<pose>Unspecified</pose>
		<truncated>Unspecified</truncated>
		<difficult>Unspecified</difficult>
		<bndbox>
			<xmin>744</xmin>
			<ymin>263</ymin>
			<xmax>1043</xmax>
			<ymax>365</ymax>
		</bndbox>
	</object>
</annotation>