<annotation>
	<folder>train</folder>
	<filename>49-494970_realistic-cigarette-png-photo-prop-cigarette-transparent-png.png</filename>
	<path>/train/49-494970_realistic-cigarette-png-photo-prop-cigarette-transparent-png.png</path>
	<source>
		<database>Unspecified</database>
	</source>
	<size>
		<width>860</width>
		<height>501</height>
		<depth>3</depth>
	</size>
	<object>
		<name>Cigarette</name>
		<pose>Unspecified</pose>
		<truncated>Unspecified</truncated>
		<difficult>Unspecified</difficult>
		<bndbox>
			<xmin>155</xmin>
			<ymin>39</ymin>
			<xmax>714</xmax>
			<ymax>471</ymax>
		</bndbox>
	</object>
</annotation>