<annotation>
	<folder>train</folder>
	<filename>549-5492281_cigarette-png-download-transparent-png.png</filename>
	<path>/train/549-5492281_cigarette-png-download-transparent-png.png</path>
	<source>
		<database>Unspecified</database>
	</source>
	<size>
		<width>860</width>
		<height>777</height>
		<depth>3</depth>
	</size>
	<object>
		<name>Cigarette</name>
		<pose>Unspecified</pose>
		<truncated>Unspecified</truncated>
		<difficult>Unspecified</difficult>
		<bndbox>
			<xmin>44</xmin>
			<ymin>655</ymin>
			<xmax>742</xmax>
			<ymax>756</ymax>
		</bndbox>
	</object>
</annotation>