<annotation>
	<folder>train</folder>
	<filename>5512648.jpg</filename>
	<path>/train/5512648.jpg</path>
	<source>
		<database>Unspecified</database>
	</source>
	<size>
		<width>900</width>
		<height>396</height>
		<depth>3</depth>
	</size>
	<object>
		<name>Cigarette</name>
		<pose>Unspecified</pose>
		<truncated>Unspecified</truncated>
		<difficult>Unspecified</difficult>
		<bndbox>
			<xmin>42</xmin>
			<ymin>33</ymin>
			<xmax>852</xmax>
			<ymax>365</ymax>
		</bndbox>
	</object>
</annotation>