<annotation>
	<folder>train</folder>
	<filename>583-5833204_burning-cigarette-white-background-hd-png-download.png</filename>
	<path>/train/583-5833204_burning-cigarette-white-background-hd-png-download.png</path>
	<source>
		<database>Unspecified</database>
	</source>
	<size>
		<width>860</width>
		<height>880</height>
		<depth>3</depth>
	</size>
	<object>
		<name>Cigarette</name>
		<pose>Unspecified</pose>
		<truncated>Unspecified</truncated>
		<difficult>Unspecified</difficult>
		<bndbox>
			<xmin>404</xmin>
			<ymin>377</ymin>
			<xmax>473</xmax>
			<ymax>842</ymax>
		</bndbox>
	</object>
</annotation>