<annotation>
	<folder>my-project-name</folder>
	<filename>66786707-cigarette-butt-on-dark-asphalt-background.jpg</filename>
	<path>/my-project-name/66786707-cigarette-butt-on-dark-asphalt-background.jpg</path>
	<source>
		<database>Unspecified</database>
	</source>
	<size>
		<width>1300</width>
		<height>974</height>
		<depth>3</depth>
	</size>
	<object>
		<name>Cigarette</name>
		<pose>Unspecified</pose>
		<truncated>Unspecified</truncated>
		<difficult>Unspecified</difficult>
		<bndbox>
			<xmin>691</xmin>
			<ymin>709</ymin>
			<xmax>1073</xmax>
			<ymax>827</ymax>
		</bndbox>
	</object>
	<object>
		<name>Cigarette</name>
		<pose>Unspecified</pose>
		<truncated>Unspecified</truncated>
		<difficult>Unspecified</difficult>
		<bndbox>
			<xmin>706</xmin>
			<ymin>128</ymin>
			<xmax>998</xmax>
			<ymax>396</ymax>
		</bndbox>
	</object>
</annotation>