<annotation>
	<folder>my-project-name</folder>
	<filename>butts.jpg</filename>
	<path>/my-project-name/butts.jpg</path>
	<source>
		<database>Unspecified</database>
	</source>
	<size>
		<width>591</width>
		<height>300</height>
		<depth>3</depth>
	</size>
	<object>
		<name>Cigarette</name>
		<pose>Unspecified</pose>
		<truncated>Unspecified</truncated>
		<difficult>Unspecified</difficult>
		<bndbox>
			<xmin>31</xmin>
			<ymin>104</ymin>
			<xmax>572</xmax>
			<ymax>275</ymax>
		</bndbox>
	</object>
</annotation>