<annotation>
	<folder>my-project-name</folder>
	<filename>cigarette-butt-ground-footage-033044630_iconl.jpeg</filename>
	<path>/my-project-name/cigarette-butt-ground-footage-033044630_iconl.jpeg</path>
	<source>
		<database>Unspecified</database>
	</source>
	<size>
		<width>480</width>
		<height>268</height>
		<depth>3</depth>
	</size>
	<object>
		<name>Cigarette</name>
		<pose>Unspecified</pose>
		<truncated>Unspecified</truncated>
		<difficult>Unspecified</difficult>
		<bndbox>
			<xmin>213</xmin>
			<ymin>122</ymin>
			<xmax>286</xmax>
			<ymax>168</ymax>
		</bndbox>
	</object>
</annotation>