<annotation>
	<folder>my-project-name</folder>
	<filename>cigarette-bike-lying-throw-butt-passing-7519ed4e-4f35-4eee-bc24-8f166a933328.jpg</filename>
	<path>/my-project-name/cigarette-bike-lying-throw-butt-passing-7519ed4e-4f35-4eee-bc24-8f166a933328.jpg</path>
	<source>
		<database>Unspecified</database>
	</source>
	<size>
		<width>640</width>
		<height>386</height>
		<depth>3</depth>
	</size>
	<object>
		<name>Cigarette</name>
		<pose>Unspecified</pose>
		<truncated>Unspecified</truncated>
		<difficult>Unspecified</difficult>
		<bndbox>
			<xmin>369</xmin>
			<ymin>247</ymin>
			<xmax>492</xmax>
			<ymax>281</ymax>
		</bndbox>
	</object>
</annotation>