<annotation>
	<folder>my-project-name</folder>
	<filename>Cigarette-Butt.jpg</filename>
	<path>/my-project-name/Cigarette-Butt.jpg</path>
	<source>
		<database>Unspecified</database>
	</source>
	<size>
		<width>1920</width>
		<height>1117</height>
		<depth>3</depth>
	</size>
	<object>
		<name>Cigarette</name>
		<pose>Unspecified</pose>
		<truncated>Unspecified</truncated>
		<difficult>Unspecified</difficult>
		<bndbox>
			<xmin>385</xmin>
			<ymin>295</ymin>
			<xmax>1288</xmax>
			<ymax>748</ymax>
		</bndbox>
	</object>
</annotation>