<annotation>
	<folder>my-project-name</folder>
	<filename>cigarette-butts-street-smoking-bad-your-health-butt-litter-closeup-121329760.jpg</filename>
	<path>/my-project-name/cigarette-butts-street-smoking-bad-your-health-butt-litter-closeup-121329760.jpg</path>
	<source>
		<database>Unspecified</database>
	</source>
	<size>
		<width>1300</width>
		<height>957</height>
		<depth>3</depth>
	</size>
	<object>
		<name>Cigarette</name>
		<pose>Unspecified</pose>
		<truncated>Unspecified</truncated>
		<difficult>Unspecified</difficult>
		<bndbox>
			<xmin>174</xmin>
			<ymin>593</ymin>
			<xmax>322</xmax>
			<ymax>692</ymax>
		</bndbox>
	</object>
	<object>
		<name>Cigarette</name>
		<pose>Unspecified</pose>
		<truncated>Unspecified</truncated>
		<difficult>Unspecified</difficult>
		<bndbox>
			<xmin>552</xmin>
			<ymin>609</ymin>
			<xmax>703</xmax>
			<ymax>725</ymax>
		</bndbox>
	</object>
	<object>
		<name>Cigarette</name>
		<pose>Unspecified</pose>
		<truncated>Unspecified</truncated>
		<difficult>Unspecified</difficult>
		<bndbox>
			<xmin>1051</xmin>
			<ymin>495</ymin>
			<xmax>1212</xmax>
			<ymax>566</ymax>
		</bndbox>
	</object>
	<object>
		<name>Cigarette</name>
		<pose>Unspecified</pose>
		<truncated>Unspecified</truncated>
		<difficult>Unspecified</difficult>
		<bndbox>
			<xmin>821</xmin>
			<ymin>448</ymin>
			<xmax>1004</xmax>
			<ymax>533</ymax>
		</bndbox>
	</object>
	<object>
		<name>Cigarette</name>
		<pose>Unspecified</pose>
		<truncated>Unspecified</truncated>
		<difficult>Unspecified</difficult>
		<bndbox>
			<xmin>1043</xmin>
			<ymin>403</ymin>
			<xmax>1202</xmax>
			<ymax>456</ymax>
		</bndbox>
	</object>
	<object>
		<name>Cigarette</name>
		<pose>Unspecified</pose>
		<truncated>Unspecified</truncated>
		<difficult>Unspecified</difficult>
		<bndbox>
			<xmin>534</xmin>
			<ymin>509</ymin>
			<xmax>725</xmax>
			<ymax>576</ymax>
		</bndbox>
	</object>
	<object>
		<name>Cigarette</name>
		<pose>Unspecified</pose>
		<truncated>Unspecified</truncated>
		<difficult>Unspecified</difficult>
		<bndbox>
			<xmin>528</xmin>
			<ymin>456</ymin>
			<xmax>658</xmax>
			<ymax>505</ymax>
		</bndbox>
	</object>
	<object>
		<name>Cigarette</name>
		<pose>Unspecified</pose>
		<truncated>Unspecified</truncated>
		<difficult>Unspecified</difficult>
		<bndbox>
			<xmin>273</xmin>
			<ymin>481</ymin>
			<xmax>400</xmax>
			<ymax>527</ymax>
		</bndbox>
	</object>
	<object>
		<name>Cigarette</name>
		<pose>Unspecified</pose>
		<truncated>Unspecified</truncated>
		<difficult>Unspecified</difficult>
		<bndbox>
			<xmin>591</xmin>
			<ymin>346</ymin>
			<xmax>693</xmax>
			<ymax>371</ymax>
		</bndbox>
	</object>
</annotation>