<annotation>
	<folder>my-project-name</folder>
	<filename>cigarette-butt-on-street-closeup-600w-766468477.jpg</filename>
	<path>/my-project-name/cigarette-butt-on-street-closeup-600w-766468477.jpg</path>
	<source>
		<database>Unspecified</database>
	</source>
	<size>
		<width>600</width>
		<height>358</height>
		<depth>3</depth>
	</size>
	<object>
		<name>Cigarette</name>
		<pose>Unspecified</pose>
		<truncated>Unspecified</truncated>
		<difficult>Unspecified</difficult>
		<bndbox>
			<xmin>223</xmin>
			<ymin>68</ymin>
			<xmax>409</xmax>
			<ymax>238</ymax>
		</bndbox>
	</object>
</annotation>