<annotation>
	<folder>my-project-name</folder>
	<filename>cigarette-butts-on-street-260nw-643784842.jpg</filename>
	<path>/my-project-name/cigarette-butts-on-street-260nw-643784842.jpg</path>
	<source>
		<database>Unspecified</database>
	</source>
	<size>
		<width>390</width>
		<height>280</height>
		<depth>3</depth>
	</size>
	<object>
		<name>Cigarette</name>
		<pose>Unspecified</pose>
		<truncated>Unspecified</truncated>
		<difficult>Unspecified</difficult>
		<bndbox>
			<xmin>84</xmin>
			<ymin>126</ymin>
			<xmax>160</xmax>
			<ymax>147</ymax>
		</bndbox>
	</object>
	<object>
		<name>Cigarette</name>
		<pose>Unspecified</pose>
		<truncated>Unspecified</truncated>
		<difficult>Unspecified</difficult>
		<bndbox>
			<xmin>277</xmin>
			<ymin>104</ymin>
			<xmax>321</xmax>
			<ymax>151</ymax>
		</bndbox>
	</object>
</annotation>