<annotation>
	<folder>train</folder>
	<filename>cigarette-broken-cigarettes-WEReRY7-600.jpg</filename>
	<path>/train/cigarette-broken-cigarettes-WEReRY7-600.jpg</path>
	<source>
		<database>Unspecified</database>
	</source>
	<size>
		<width>600</width>
		<height>600</height>
		<depth>3</depth>
	</size>
	<object>
		<name>Cigarette</name>
		<pose>Unspecified</pose>
		<truncated>Unspecified</truncated>
		<difficult>Unspecified</difficult>
		<bndbox>
			<xmin>97</xmin>
			<ymin>195</ymin>
			<xmax>322</xmax>
			<ymax>370</ymax>
		</bndbox>
	</object>
	<object>
		<name>Cigarette</name>
		<pose>Unspecified</pose>
		<truncated>Unspecified</truncated>
		<difficult>Unspecified</difficult>
		<bndbox>
			<xmin>294</xmin>
			<ymin>285</ymin>
			<xmax>567</xmax>
			<ymax>411</ymax>
		</bndbox>
	</object>
</annotation>