<annotation>
	<folder>train</folder>
	<filename>Cigarette-PNG-Transparent-Images-Free-Download.png</filename>
	<path>/train/Cigarette-PNG-Transparent-Images-Free-Download.png</path>
	<source>
		<database>Unspecified</database>
	</source>
	<size>
		<width>600</width>
		<height>450</height>
		<depth>3</depth>
	</size>
	<object>
		<name>Cigarette</name>
		<pose>Unspecified</pose>
		<truncated>Unspecified</truncated>
		<difficult>Unspecified</difficult>
		<bndbox>
			<xmin>34</xmin>
			<ymin>192</ymin>
			<xmax>600</xmax>
			<ymax>438</ymax>
		</bndbox>
	</object>
</annotation>