<annotation>
	<folder>my-project-name</folder>
	<filename>cigarette-butt-platt-1.jpg</filename>
	<path>/my-project-name/cigarette-butt-platt-1.jpg</path>
	<source>
		<database>Unspecified</database>
	</source>
	<size>
		<width>1920</width>
		<height>1080</height>
		<depth>3</depth>
	</size>
	<object>
		<name>Cigarette</name>
		<pose>Unspecified</pose>
		<truncated>Unspecified</truncated>
		<difficult>Unspecified</difficult>
		<bndbox>
			<xmin>309</xmin>
			<ymin>243</ymin>
			<xmax>1209</xmax>
			<ymax>829</ymax>
		</bndbox>
	</object>
</annotation>