<annotation>
	<folder>my-project-name</folder>
	<filename>cigarette-butts-road-construction-research.jpg</filename>
	<path>/my-project-name/cigarette-butts-road-construction-research.jpg</path>
	<source>
		<database>Unspecified</database>
	</source>
	<size>
		<width>5184</width>
		<height>3456</height>
		<depth>3</depth>
	</size>
	<object>
		<name>Cigarette</name>
		<pose>Unspecified</pose>
		<truncated>Unspecified</truncated>
		<difficult>Unspecified</difficult>
		<bndbox>
			<xmin>2156</xmin>
			<ymin>688</ymin>
			<xmax>3097</xmax>
			<ymax>1996</ymax>
		</bndbox>
	</object>
</annotation>