<annotation>
	<folder>my-project-name</folder>
	<filename>cigarette-butts.jpg</filename>
	<path>/my-project-name/cigarette-butts.jpg</path>
	<source>
		<database>Unspecified</database>
	</source>
	<size>
		<width>1580</width>
		<height>549</height>
		<depth>3</depth>
	</size>
	<object>
		<name>Cigarette</name>
		<pose>Unspecified</pose>
		<truncated>Unspecified</truncated>
		<difficult>Unspecified</difficult>
		<bndbox>
			<xmin>117</xmin>
			<ymin>242</ymin>
			<xmax>927</xmax>
			<ymax>431</ymax>
		</bndbox>
	</object>
	<object>
		<name>Cigarette</name>
		<pose>Unspecified</pose>
		<truncated>Unspecified</truncated>
		<difficult>Unspecified</difficult>
		<bndbox>
			<xmin>51</xmin>
			<ymin>335</ymin>
			<xmax>480</xmax>
			<ymax>454</ymax>
		</bndbox>
	</object>
	<object>
		<name>Cigarette</name>
		<pose>Unspecified</pose>
		<truncated>Unspecified</truncated>
		<difficult>Unspecified</difficult>
		<bndbox>
			<xmin>398</xmin>
			<ymin>163</ymin>
			<xmax>587</xmax>
			<ymax>254</ymax>
		</bndbox>
	</object>
	<object>
		<name>Cigarette</name>
		<pose>Unspecified</pose>
		<truncated>Unspecified</truncated>
		<difficult>Unspecified</difficult>
		<bndbox>
			<xmin>117</xmin>
			<ymin>86</ymin>
			<xmax>417</xmax>
			<ymax>258</ymax>
		</bndbox>
	</object>
	<object>
		<name>Cigarette</name>
		<pose>Unspecified</pose>
		<truncated>Unspecified</truncated>
		<difficult>Unspecified</difficult>
		<bndbox>
			<xmin>0</xmin>
			<ymin>20</ymin>
			<xmax>340</xmax>
			<ymax>435</ymax>
		</bndbox>
	</object>
</annotation>