<annotation>
	<folder>my-project-name</folder>
	<filename>cigarette-butt-junk-item-wasteland-3-wiki-guide-200px.png</filename>
	<path>/my-project-name/cigarette-butt-junk-item-wasteland-3-wiki-guide-200px.png</path>
	<source>
		<database>Unspecified</database>
	</source>
	<size>
		<width>220</width>
		<height>220</height>
		<depth>3</depth>
	</size>
	<object>
		<name>Cigarette</name>
		<pose>Unspecified</pose>
		<truncated>Unspecified</truncated>
		<difficult>Unspecified</difficult>
		<bndbox>
			<xmin>43</xmin>
			<ymin>27</ymin>
			<xmax>188</xmax>
			<ymax>175</ymax>
		</bndbox>
	</object>
</annotation>