<annotation>
	<folder>my-project-name</folder>
	<filename>Cigbuttroad-2-1024x.jpg</filename>
	<path>/my-project-name/Cigbuttroad-2-1024x.jpg</path>
	<source>
		<database>Unspecified</database>
	</source>
	<size>
		<width>750</width>
		<height>500</height>
		<depth>3</depth>
	</size>
	<object>
		<name>Cigarette</name>
		<pose>Unspecified</pose>
		<truncated>Unspecified</truncated>
		<difficult>Unspecified</difficult>
		<bndbox>
			<xmin>82</xmin>
			<ymin>85</ymin>
			<xmax>396</xmax>
			<ymax>329</ymax>
		</bndbox>
	</object>
</annotation>