<annotation>
	<folder>my-project-name</folder>
	<filename>d0687b0c-59de-48eb-a9e0-784c48f639b0-large16x9_cigarettebutt.jpg</filename>
	<path>/my-project-name/d0687b0c-59de-48eb-a9e0-784c48f639b0-large16x9_cigarettebutt.jpg</path>
	<source>
		<database>Unspecified</database>
	</source>
	<size>
		<width>1015</width>
		<height>571</height>
		<depth>3</depth>
	</size>
	<object>
		<name>Cigarette</name>
		<pose>Unspecified</pose>
		<truncated>Unspecified</truncated>
		<difficult>Unspecified</difficult>
		<bndbox>
			<xmin>419</xmin>
			<ymin>79</ymin>
			<xmax>603</xmax>
			<ymax>333</ymax>
		</bndbox>
	</object>
</annotation>