<annotation>
	<folder>my-project-name</folder>
	<filename>depositphotos_329880360-stock-photo-stamped-out-cigarette-butt-isolated.jpg</filename>
	<path>/my-project-name/depositphotos_329880360-stock-photo-stamped-out-cigarette-butt-isolated.jpg</path>
	<source>
		<database>Unspecified</database>
	</source>
	<size>
		<width>1067</width>
		<height>1700</height>
		<depth>3</depth>
	</size>
	<object>
		<name>Cigarette</name>
		<pose>Unspecified</pose>
		<truncated>Unspecified</truncated>
		<difficult>Unspecified</difficult>
		<bndbox>
			<xmin>298</xmin>
			<ymin>224</ymin>
			<xmax>765</xmax>
			<ymax>1186</ymax>
		</bndbox>
	</object>
</annotation>