<annotation>
	<folder>my-project-name</folder>
	<filename>images313.jpg</filename>
	<path>/my-project-name/images313.jpg</path>
	<source>
		<database>Unspecified</database>
	</source>
	<size>
		<width>251</width>
		<height>201</height>
		<depth>3</depth>
	</size>
	<object>
		<name>Cigarette</name>
		<pose>Unspecified</pose>
		<truncated>Unspecified</truncated>
		<difficult>Unspecified</difficult>
		<bndbox>
			<xmin>11</xmin>
			<ymin>10</ymin>
			<xmax>234</xmax>
			<ymax>186</ymax>
		</bndbox>
	</object>
</annotation>