<annotation>
	<folder>my-project-name</folder>
	<filename>images270.jpg</filename>
	<path>/my-project-name/images270.jpg</path>
	<source>
		<database>Unspecified</database>
	</source>
	<size>
		<width>277</width>
		<height>182</height>
		<depth>3</depth>
	</size>
	<object>
		<name>Cigarette</name>
		<pose>Unspecified</pose>
		<truncated>Unspecified</truncated>
		<difficult>Unspecified</difficult>
		<bndbox>
			<xmin>157</xmin>
			<ymin>53</ymin>
			<xmax>221</xmax>
			<ymax>78</ymax>
		</bndbox>
	</object>
</annotation>