<annotation>
	<folder>my-project-name</folder>
	<filename>images367.jpg</filename>
	<path>/my-project-name/images367.jpg</path>
	<source>
		<database>Unspecified</database>
	</source>
	<size>
		<width>300</width>
		<height>168</height>
		<depth>3</depth>
	</size>
	<object>
		<name>Cigarette</name>
		<pose>Unspecified</pose>
		<truncated>Unspecified</truncated>
		<difficult>Unspecified</difficult>
		<bndbox>
			<xmin>6</xmin>
			<ymin>84</ymin>
			<xmax>69</xmax>
			<ymax>110</ymax>
		</bndbox>
	</object>
</annotation>