<annotation>
	<folder>my-project-name</folder>
	<filename>images95.jpg</filename>
	<path>/my-project-name/images95.jpg</path>
	<source>
		<database>Unspecified</database>
	</source>
	<size>
		<width>268</width>
		<height>188</height>
		<depth>3</depth>
	</size>
	<object>
		<name>Cigarette</name>
		<pose>Unspecified</pose>
		<truncated>Unspecified</truncated>
		<difficult>Unspecified</difficult>
		<bndbox>
			<xmin>122</xmin>
			<ymin>72</ymin>
			<xmax>154</xmax>
			<ymax>82</ymax>
		</bndbox>
	</object>
</annotation>