<annotation>
	<folder>my-project-name</folder>
	<filename>images427.jpg</filename>
	<path>/my-project-name/images427.jpg</path>
	<source>
		<database>Unspecified</database>
	</source>
	<size>
		<width>178</width>
		<height>284</height>
		<depth>3</depth>
	</size>
	<object>
		<name>Cigarette</name>
		<pose>Unspecified</pose>
		<truncated>Unspecified</truncated>
		<difficult>Unspecified</difficult>
		<bndbox>
			<xmin>62</xmin>
			<ymin>36</ymin>
			<xmax>122</xmax>
			<ymax>203</ymax>
		</bndbox>
	</object>
</annotation>