<annotation>
	<folder>my-project-name</folder>
	<filename>image15.jpeg</filename>
	<path>/my-project-name/image15.jpeg</path>
	<source>
		<database>Unspecified</database>
	</source>
	<size>
		<width>275</width>
		<height>183</height>
		<depth>3</depth>
	</size>
	<object>
		<name>Cigarette</name>
		<pose>Unspecified</pose>
		<truncated>Unspecified</truncated>
		<difficult>Unspecified</difficult>
		<bndbox>
			<xmin>90</xmin>
			<ymin>100</ymin>
			<xmax>175</xmax>
			<ymax>120</ymax>
		</bndbox>
	</object>
</annotation>