<annotation>
	<folder>my-project-name</folder>
	<filename>images115.jpg</filename>
	<path>/my-project-name/images115.jpg</path>
	<source>
		<database>Unspecified</database>
	</source>
	<size>
		<width>265</width>
		<height>190</height>
		<depth>3</depth>
	</size>
	<object>
		<name>Cigarette</name>
		<pose>Unspecified</pose>
		<truncated>Unspecified</truncated>
		<difficult>Unspecified</difficult>
		<bndbox>
			<xmin>56</xmin>
			<ymin>79</ymin>
			<xmax>113</xmax>
			<ymax>107</ymax>
		</bndbox>
	</object>
	<object>
		<name>Cigarette</name>
		<pose>Unspecified</pose>
		<truncated>Unspecified</truncated>
		<difficult>Unspecified</difficult>
		<bndbox>
			<xmin>190</xmin>
			<ymin>70</ymin>
			<xmax>217</xmax>
			<ymax>109</ymax>
		</bndbox>
	</object>
</annotation>