<annotation>
	<folder>my-project-name</folder>
	<filename>images405.jpg</filename>
	<path>/my-project-name/images405.jpg</path>
	<source>
		<database>Unspecified</database>
	</source>
	<size>
		<width>389</width>
		<height>129</height>
		<depth>3</depth>
	</size>
	<object>
		<name>Cigarette</name>
		<pose>Unspecified</pose>
		<truncated>Unspecified</truncated>
		<difficult>Unspecified</difficult>
		<bndbox>
			<xmin>231</xmin>
			<ymin>13</ymin>
			<xmax>357</xmax>
			<ymax>95</ymax>
		</bndbox>
	</object>
	<object>
		<name>Cigarette</name>
		<pose>Unspecified</pose>
		<truncated>Unspecified</truncated>
		<difficult>Unspecified</difficult>
		<bndbox>
			<xmin>201</xmin>
			<ymin>25</ymin>
			<xmax>337</xmax>
			<ymax>109</ymax>
		</bndbox>
	</object>
	<object>
		<name>Cigarette</name>
		<pose>Unspecified</pose>
		<truncated>Unspecified</truncated>
		<difficult>Unspecified</difficult>
		<bndbox>
			<xmin>207</xmin>
			<ymin>85</ymin>
			<xmax>322</xmax>
			<ymax>129</ymax>
		</bndbox>
	</object>
</annotation>