<annotation>
	<folder>my-project-name</folder>
	<filename>images26.jpg</filename>
	<path>/my-project-name/images26.jpg</path>
	<source>
		<database>Unspecified</database>
	</source>
	<size>
		<width>290</width>
		<height>174</height>
		<depth>3</depth>
	</size>
	<object>
		<name>Cigarette</name>
		<pose>Unspecified</pose>
		<truncated>Unspecified</truncated>
		<difficult>Unspecified</difficult>
		<bndbox>
			<xmin>34</xmin>
			<ymin>106</ymin>
			<xmax>169</xmax>
			<ymax>140</ymax>
		</bndbox>
	</object>
</annotation>