<annotation>
	<folder>my-project-name</folder>
	<filename>image19.jpeg</filename>
	<path>/my-project-name/image19.jpeg</path>
	<source>
		<database>Unspecified</database>
	</source>
	<size>
		<width>300</width>
		<height>168</height>
		<depth>3</depth>
	</size>
	<object>
		<name>Cigarette</name>
		<pose>Unspecified</pose>
		<truncated>Unspecified</truncated>
		<difficult>Unspecified</difficult>
		<bndbox>
			<xmin>50</xmin>
			<ymin>39</ymin>
			<xmax>193</xmax>
			<ymax>130</ymax>
		</bndbox>
	</object>
</annotation>