<annotation>
	<folder>my-project-name</folder>
	<filename>images40.jpg</filename>
	<path>/my-project-name/images40.jpg</path>
	<source>
		<database>Unspecified</database>
	</source>
	<size>
		<width>275</width>
		<height>183</height>
		<depth>3</depth>
	</size>
	<object>
		<name>Cigarette</name>
		<pose>Unspecified</pose>
		<truncated>Unspecified</truncated>
		<difficult>Unspecified</difficult>
		<bndbox>
			<xmin>97</xmin>
			<ymin>92</ymin>
			<xmax>153</xmax>
			<ymax>134</ymax>
		</bndbox>
	</object>
</annotation>