<annotation>
	<folder>my-project-name</folder>
	<filename>images78.jpg</filename>
	<path>/my-project-name/images78.jpg</path>
	<source>
		<database>Unspecified</database>
	</source>
	<size>
		<width>275</width>
		<height>183</height>
		<depth>3</depth>
	</size>
	<object>
		<name>Cigarette</name>
		<pose>Unspecified</pose>
		<truncated>Unspecified</truncated>
		<difficult>Unspecified</difficult>
		<bndbox>
			<xmin>115</xmin>
			<ymin>68</ymin>
			<xmax>163</xmax>
			<ymax>89</ymax>
		</bndbox>
	</object>
	<object>
		<name>Cigarette</name>
		<pose>Unspecified</pose>
		<truncated>Unspecified</truncated>
		<difficult>Unspecified</difficult>
		<bndbox>
			<xmin>95</xmin>
			<ymin>72</ymin>
			<xmax>138</xmax>
			<ymax>82</ymax>
		</bndbox>
	</object>
</annotation>