<annotation>
	<folder>my-project-name</folder>
	<filename>images371.jpg</filename>
	<path>/my-project-name/images371.jpg</path>
	<source>
		<database>Unspecified</database>
	</source>
	<size>
		<width>183</width>
		<height>275</height>
		<depth>3</depth>
	</size>
	<object>
		<name>Cigarette</name>
		<pose>Unspecified</pose>
		<truncated>Unspecified</truncated>
		<difficult>Unspecified</difficult>
		<bndbox>
			<xmin>57</xmin>
			<ymin>25</ymin>
			<xmax>144</xmax>
			<ymax>249</ymax>
		</bndbox>
	</object>
</annotation>