<annotation>
	<folder>my-project-name</folder>
	<filename>images245.jpg</filename>
	<path>/my-project-name/images245.jpg</path>
	<source>
		<database>Unspecified</database>
	</source>
	<size>
		<width>381</width>
		<height>132</height>
		<depth>3</depth>
	</size>
	<object>
		<name>Cigarette</name>
		<pose>Unspecified</pose>
		<truncated>Unspecified</truncated>
		<difficult>Unspecified</difficult>
		<bndbox>
			<xmin>43</xmin>
			<ymin>52</ymin>
			<xmax>219</xmax>
			<ymax>105</ymax>
		</bndbox>
	</object>
	<object>
		<name>Cigarette</name>
		<pose>Unspecified</pose>
		<truncated>Unspecified</truncated>
		<difficult>Unspecified</difficult>
		<bndbox>
			<xmin>34</xmin>
			<ymin>73</ymin>
			<xmax>124</xmax>
			<ymax>115</ymax>
		</bndbox>
	</object>
	<object>
		<name>Cigarette</name>
		<pose>Unspecified</pose>
		<truncated>Unspecified</truncated>
		<difficult>Unspecified</difficult>
		<bndbox>
			<xmin>108</xmin>
			<ymin>24</ymin>
			<xmax>140</xmax>
			<ymax>60</ymax>
		</bndbox>
	</object>
	<object>
		<name>Cigarette</name>
		<pose>Unspecified</pose>
		<truncated>Unspecified</truncated>
		<difficult>Unspecified</difficult>
		<bndbox>
			<xmin>23</xmin>
			<ymin>29</ymin>
			<xmax>98</xmax>
			<ymax>57</ymax>
		</bndbox>
	</object>
	<object>
		<name>Cigarette</name>
		<pose>Unspecified</pose>
		<truncated>Unspecified</truncated>
		<difficult>Unspecified</difficult>
		<bndbox>
			<xmin>10</xmin>
			<ymin>0</ymin>
			<xmax>78</xmax>
			<ymax>84</ymax>
		</bndbox>
	</object>
</annotation>