<annotation>
	<folder>my-project-name</folder>
	<filename>image34.jpg</filename>
	<path>/my-project-name/image34.jpg</path>
	<source>
		<database>Unspecified</database>
	</source>
	<size>
		<width>1200</width>
		<height>1200</height>
		<depth>3</depth>
	</size>
	<object>
		<name>Cigarette</name>
		<pose>Unspecified</pose>
		<truncated>Unspecified</truncated>
		<difficult>Unspecified</difficult>
		<bndbox>
			<xmin>490</xmin>
			<ymin>416</ymin>
			<xmax>1200</xmax>
			<ymax>830</ymax>
		</bndbox>
	</object>
</annotation>