<annotation>
	<folder>my-project-name</folder>
	<filename>images409.jpg</filename>
	<path>/my-project-name/images409.jpg</path>
	<source>
		<database>Unspecified</database>
	</source>
	<size>
		<width>176</width>
		<height>286</height>
		<depth>3</depth>
	</size>
	<object>
		<name>Cigarette</name>
		<pose>Unspecified</pose>
		<truncated>Unspecified</truncated>
		<difficult>Unspecified</difficult>
		<bndbox>
			<xmin>70</xmin>
			<ymin>74</ymin>
			<xmax>109</xmax>
			<ymax>210</ymax>
		</bndbox>
	</object>
</annotation>