<annotation>
	<folder>my-project-name</folder>
	<filename>images38.jpg</filename>
	<path>/my-project-name/images38.jpg</path>
	<source>
		<database>Unspecified</database>
	</source>
	<size>
		<width>300</width>
		<height>168</height>
		<depth>3</depth>
	</size>
	<object>
		<name>Cigarette</name>
		<pose>Unspecified</pose>
		<truncated>Unspecified</truncated>
		<difficult>Unspecified</difficult>
		<bndbox>
			<xmin>185</xmin>
			<ymin>107</ymin>
			<xmax>240</xmax>
			<ymax>129</ymax>
		</bndbox>
	</object>
</annotation>