<annotation>
	<folder>my-project-name</folder>
	<filename>images343.jpg</filename>
	<path>/my-project-name/images343.jpg</path>
	<source>
		<database>Unspecified</database>
	</source>
	<size>
		<width>275</width>
		<height>183</height>
		<depth>3</depth>
	</size>
	<object>
		<name>Cigarette</name>
		<pose>Unspecified</pose>
		<truncated>Unspecified</truncated>
		<difficult>Unspecified</difficult>
		<bndbox>
			<xmin>101</xmin>
			<ymin>100</ymin>
			<xmax>180</xmax>
			<ymax>171</ymax>
		</bndbox>
	</object>
</annotation>