<annotation>
	<folder>my-project-name</folder>
	<filename>images274.jpg</filename>
	<path>/my-project-name/images274.jpg</path>
	<source>
		<database>Unspecified</database>
	</source>
	<size>
		<width>300</width>
		<height>168</height>
		<depth>3</depth>
	</size>
	<object>
		<name>Cigarette</name>
		<pose>Unspecified</pose>
		<truncated>Unspecified</truncated>
		<difficult>Unspecified</difficult>
		<bndbox>
			<xmin>24</xmin>
			<ymin>31</ymin>
			<xmax>229</xmax>
			<ymax>141</ymax>
		</bndbox>
	</object>
</annotation>