<annotation>
	<folder>my-project-name</folder>
	<filename>images241.jpg</filename>
	<path>/my-project-name/images241.jpg</path>
	<source>
		<database>Unspecified</database>
	</source>
	<size>
		<width>301</width>
		<height>168</height>
		<depth>3</depth>
	</size>
	<object>
		<name>Cigarette</name>
		<pose>Unspecified</pose>
		<truncated>Unspecified</truncated>
		<difficult>Unspecified</difficult>
		<bndbox>
			<xmin>131</xmin>
			<ymin>73</ymin>
			<xmax>181</xmax>
			<ymax>108</ymax>
		</bndbox>
	</object>
</annotation>