<annotation>
	<folder>my-project-name</folder>
	<filename>images314.jpg</filename>
	<path>/my-project-name/images314.jpg</path>
	<source>
		<database>Unspecified</database>
	</source>
	<size>
		<width>277</width>
		<height>182</height>
		<depth>3</depth>
	</size>
	<object>
		<name>Cigarette</name>
		<pose>Unspecified</pose>
		<truncated>Unspecified</truncated>
		<difficult>Unspecified</difficult>
		<bndbox>
			<xmin>33</xmin>
			<ymin>29</ymin>
			<xmax>193</xmax>
			<ymax>119</ymax>
		</bndbox>
	</object>
</annotation>