<annotation>
	<folder>my-project-name</folder>
	<filename>images212.jpg</filename>
	<path>/my-project-name/images212.jpg</path>
	<source>
		<database>Unspecified</database>
	</source>
	<size>
		<width>225</width>
		<height>225</height>
		<depth>3</depth>
	</size>
	<object>
		<name>Cigarette</name>
		<pose>Unspecified</pose>
		<truncated>Unspecified</truncated>
		<difficult>Unspecified</difficult>
		<bndbox>
			<xmin>65</xmin>
			<ymin>88</ymin>
			<xmax>101</xmax>
			<ymax>113</ymax>
		</bndbox>
	</object>
</annotation>