<annotation>
	<folder>my-project-name</folder>
	<filename>images277.jpg</filename>
	<path>/my-project-name/images277.jpg</path>
	<source>
		<database>Unspecified</database>
	</source>
	<size>
		<width>236</width>
		<height>213</height>
		<depth>3</depth>
	</size>
	<object>
		<name>Cigarette</name>
		<pose>Unspecified</pose>
		<truncated>Unspecified</truncated>
		<difficult>Unspecified</difficult>
		<bndbox>
			<xmin>89</xmin>
			<ymin>1</ymin>
			<xmax>151</xmax>
			<ymax>161</ymax>
		</bndbox>
	</object>
</annotation>