<annotation>
	<folder>my-project-name</folder>
	<filename>images125.jpg</filename>
	<path>/my-project-name/images125.jpg</path>
	<source>
		<database>Unspecified</database>
	</source>
	<size>
		<width>275</width>
		<height>183</height>
		<depth>3</depth>
	</size>
	<object>
		<name>Cigarette</name>
		<pose>Unspecified</pose>
		<truncated>Unspecified</truncated>
		<difficult>Unspecified</difficult>
		<bndbox>
			<xmin>114</xmin>
			<ymin>72</ymin>
			<xmax>175</xmax>
			<ymax>112</ymax>
		</bndbox>
	</object>
</annotation>