<annotation>
	<folder>my-project-name</folder>
	<filename>images369.jpg</filename>
	<path>/my-project-name/images369.jpg</path>
	<source>
		<database>Unspecified</database>
	</source>
	<size>
		<width>335</width>
		<height>150</height>
		<depth>3</depth>
	</size>
	<object>
		<name>Cigarette</name>
		<pose>Unspecified</pose>
		<truncated>Unspecified</truncated>
		<difficult>Unspecified</difficult>
		<bndbox>
			<xmin>2</xmin>
			<ymin>11</ymin>
			<xmax>330</xmax>
			<ymax>140</ymax>
		</bndbox>
	</object>
</annotation>