<annotation>
	<folder>my-project-name</folder>
	<filename>images59.jpg</filename>
	<path>/my-project-name/images59.jpg</path>
	<source>
		<database>Unspecified</database>
	</source>
	<size>
		<width>279</width>
		<height>181</height>
		<depth>3</depth>
	</size>
	<object>
		<name>Cigarette</name>
		<pose>Unspecified</pose>
		<truncated>Unspecified</truncated>
		<difficult>Unspecified</difficult>
		<bndbox>
			<xmin>111</xmin>
			<ymin>88</ymin>
			<xmax>181</xmax>
			<ymax>109</ymax>
		</bndbox>
	</object>
</annotation>