<annotation>
	<folder>my-project-name</folder>
	<filename>images220.jpg</filename>
	<path>/my-project-name/images220.jpg</path>
	<source>
		<database>Unspecified</database>
	</source>
	<size>
		<width>275</width>
		<height>183</height>
		<depth>3</depth>
	</size>
	<object>
		<name>Cigarette</name>
		<pose>Unspecified</pose>
		<truncated>Unspecified</truncated>
		<difficult>Unspecified</difficult>
		<bndbox>
			<xmin>109</xmin>
			<ymin>64</ymin>
			<xmax>173</xmax>
			<ymax>122</ymax>
		</bndbox>
	</object>
</annotation>