<annotation>
	<folder>my-project-name</folder>
	<filename>images227.jpg</filename>
	<path>/my-project-name/images227.jpg</path>
	<source>
		<database>Unspecified</database>
	</source>
	<size>
		<width>291</width>
		<height>173</height>
		<depth>3</depth>
	</size>
	<object>
		<name>Cigarette</name>
		<pose>Unspecified</pose>
		<truncated>Unspecified</truncated>
		<difficult>Unspecified</difficult>
		<bndbox>
			<xmin>101</xmin>
			<ymin>29</ymin>
			<xmax>204</xmax>
			<ymax>116</ymax>
		</bndbox>
	</object>
</annotation>