<annotation>
	<folder>my-project-name</folder>
	<filename>image8.jpeg</filename>
	<path>/my-project-name/image8.jpeg</path>
	<source>
		<database>Unspecified</database>
	</source>
	<size>
		<width>100</width>
		<height>100</height>
		<depth>3</depth>
	</size>
	<object>
		<name>Cigarette</name>
		<pose>Unspecified</pose>
		<truncated>Unspecified</truncated>
		<difficult>Unspecified</difficult>
		<bndbox>
			<xmin>0</xmin>
			<ymin>23</ymin>
			<xmax>74</xmax>
			<ymax>78</ymax>
		</bndbox>
	</object>
</annotation>