<annotation>
	<folder>my-project-name</folder>
	<filename>images25.jpg</filename>
	<path>/my-project-name/images25.jpg</path>
	<source>
		<database>Unspecified</database>
	</source>
	<size>
		<width>183</width>
		<height>275</height>
		<depth>3</depth>
	</size>
	<object>
		<name>Cigarette</name>
		<pose>Unspecified</pose>
		<truncated>Unspecified</truncated>
		<difficult>Unspecified</difficult>
		<bndbox>
			<xmin>83</xmin>
			<ymin>109</ymin>
			<xmax>99</xmax>
			<ymax>177</ymax>
		</bndbox>
	</object>
</annotation>