<annotation>
	<folder>my-project-name</folder>
	<filename>images7.jpg</filename>
	<path>/my-project-name/images7.jpg</path>
	<source>
		<database>Unspecified</database>
	</source>
	<size>
		<width>184</width>
		<height>274</height>
		<depth>3</depth>
	</size>
	<object>
		<name>Cigarette</name>
		<pose>Unspecified</pose>
		<truncated>Unspecified</truncated>
		<difficult>Unspecified</difficult>
		<bndbox>
			<xmin>86</xmin>
			<ymin>222</ymin>
			<xmax>108</xmax>
			<ymax>251</ymax>
		</bndbox>
	</object>
	<object>
		<name>Cigarette</name>
		<pose>Unspecified</pose>
		<truncated>Unspecified</truncated>
		<difficult>Unspecified</difficult>
		<bndbox>
			<xmin>151</xmin>
			<ymin>196</ymin>
			<xmax>180</xmax>
			<ymax>206</ymax>
		</bndbox>
	</object>
</annotation>