<annotation>
	<folder>my-project-name</folder>
	<filename>image3.jpeg</filename>
	<path>/my-project-name/image3.jpeg</path>
	<source>
		<database>Unspecified</database>
	</source>
	<size>
		<width>100</width>
		<height>100</height>
		<depth>3</depth>
	</size>
	<object>
		<name>Cigarette</name>
		<pose>Unspecified</pose>
		<truncated>Unspecified</truncated>
		<difficult>Unspecified</difficult>
		<bndbox>
			<xmin>39</xmin>
			<ymin>9</ymin>
			<xmax>61</xmax>
			<ymax>44</ymax>
		</bndbox>
	</object>
	<object>
		<name>Cigarette</name>
		<pose>Unspecified</pose>
		<truncated>Unspecified</truncated>
		<difficult>Unspecified</difficult>
		<bndbox>
			<xmin>60</xmin>
			<ymin>14</ymin>
			<xmax>77</xmax>
			<ymax>32</ymax>
		</bndbox>
	</object>
	<object>
		<name>Cigarette</name>
		<pose>Unspecified</pose>
		<truncated>Unspecified</truncated>
		<difficult>Unspecified</difficult>
		<bndbox>
			<xmin>0</xmin>
			<ymin>34</ymin>
			<xmax>24</xmax>
			<ymax>84</ymax>
		</bndbox>
	</object>
</annotation>