<annotation>
	<folder>my-project-name</folder>
	<filename>images345.jpg</filename>
	<path>/my-project-name/images345.jpg</path>
	<source>
		<database>Unspecified</database>
	</source>
	<size>
		<width>250</width>
		<height>202</height>
		<depth>3</depth>
	</size>
	<object>
		<name>Cigarette</name>
		<pose>Unspecified</pose>
		<truncated>Unspecified</truncated>
		<difficult>Unspecified</difficult>
		<bndbox>
			<xmin>127</xmin>
			<ymin>54</ymin>
			<xmax>190</xmax>
			<ymax>110</ymax>
		</bndbox>
	</object>
</annotation>