<annotation>
	<folder>my-project-name</folder>
	<filename>images406.jpg</filename>
	<path>/my-project-name/images406.jpg</path>
	<source>
		<database>Unspecified</database>
	</source>
	<size>
		<width>282</width>
		<height>179</height>
		<depth>3</depth>
	</size>
	<object>
		<name>Cigarette</name>
		<pose>Unspecified</pose>
		<truncated>Unspecified</truncated>
		<difficult>Unspecified</difficult>
		<bndbox>
			<xmin>72</xmin>
			<ymin>23</ymin>
			<xmax>173</xmax>
			<ymax>179</ymax>
		</bndbox>
	</object>
	<object>
		<name>Cigarette</name>
		<pose>Unspecified</pose>
		<truncated>Unspecified</truncated>
		<difficult>Unspecified</difficult>
		<bndbox>
			<xmin>151</xmin>
			<ymin>107</ymin>
			<xmax>189</xmax>
			<ymax>161</ymax>
		</bndbox>
	</object>
	<object>
		<name>Cigarette</name>
		<pose>Unspecified</pose>
		<truncated>Unspecified</truncated>
		<difficult>Unspecified</difficult>
		<bndbox>
			<xmin>193</xmin>
			<ymin>79</ymin>
			<xmax>227</xmax>
			<ymax>135</ymax>
		</bndbox>
	</object>
</annotation>