<annotation>
	<folder>my-project-name</folder>
	<filename>images58.jpg</filename>
	<path>/my-project-name/images58.jpg</path>
	<source>
		<database>Unspecified</database>
	</source>
	<size>
		<width>220</width>
		<height>165</height>
		<depth>3</depth>
	</size>
	<object>
		<name>Cigarette</name>
		<pose>Unspecified</pose>
		<truncated>Unspecified</truncated>
		<difficult>Unspecified</difficult>
		<bndbox>
			<xmin>42</xmin>
			<ymin>3</ymin>
			<xmax>145</xmax>
			<ymax>117</ymax>
		</bndbox>
	</object>
</annotation>