<annotation>
	<folder>my-project-name</folder>
	<filename>images219.jpg</filename>
	<path>/my-project-name/images219.jpg</path>
	<source>
		<database>Unspecified</database>
	</source>
	<size>
		<width>259</width>
		<height>194</height>
		<depth>3</depth>
	</size>
	<object>
		<name>Cigarette</name>
		<pose>Unspecified</pose>
		<truncated>Unspecified</truncated>
		<difficult>Unspecified</difficult>
		<bndbox>
			<xmin>0</xmin>
			<ymin>55</ymin>
			<xmax>161</xmax>
			<ymax>172</ymax>
		</bndbox>
	</object>
</annotation>