<annotation>
	<folder>my-project-name</folder>
	<filename>images127.jpg</filename>
	<path>/my-project-name/images127.jpg</path>
	<source>
		<database>Unspecified</database>
	</source>
	<size>
		<width>262</width>
		<height>192</height>
		<depth>3</depth>
	</size>
	<object>
		<name>Cigarette</name>
		<pose>Unspecified</pose>
		<truncated>Unspecified</truncated>
		<difficult>Unspecified</difficult>
		<bndbox>
			<xmin>54</xmin>
			<ymin>47</ymin>
			<xmax>142</xmax>
			<ymax>93</ymax>
		</bndbox>
	</object>
</annotation>