<annotation>
	<folder>my-project-name</folder>
	<filename>images307.jpg</filename>
	<path>/my-project-name/images307.jpg</path>
	<source>
		<database>Unspecified</database>
	</source>
	<size>
		<width>260</width>
		<height>194</height>
		<depth>3</depth>
	</size>
	<object>
		<name>Cigarette</name>
		<pose>Unspecified</pose>
		<truncated>Unspecified</truncated>
		<difficult>Unspecified</difficult>
		<bndbox>
			<xmin>107</xmin>
			<ymin>95</ymin>
			<xmax>228</xmax>
			<ymax>160</ymax>
		</bndbox>
	</object>
</annotation>