<annotation>
	<folder>my-project-name</folder>
	<filename>images170.jpg</filename>
	<path>/my-project-name/images170.jpg</path>
	<source>
		<database>Unspecified</database>
	</source>
	<size>
		<width>265</width>
		<height>190</height>
		<depth>3</depth>
	</size>
	<object>
		<name>Cigarette</name>
		<pose>Unspecified</pose>
		<truncated>Unspecified</truncated>
		<difficult>Unspecified</difficult>
		<bndbox>
			<xmin>49</xmin>
			<ymin>44</ymin>
			<xmax>247</xmax>
			<ymax>132</ymax>
		</bndbox>
	</object>
</annotation>