<annotation>
	<folder>my-project-name</folder>
	<filename>images244.jpg</filename>
	<path>/my-project-name/images244.jpg</path>
	<source>
		<database>Unspecified</database>
	</source>
	<size>
		<width>184</width>
		<height>274</height>
		<depth>3</depth>
	</size>
	<object>
		<name>Cigarette</name>
		<pose>Unspecified</pose>
		<truncated>Unspecified</truncated>
		<difficult>Unspecified</difficult>
		<bndbox>
			<xmin>55</xmin>
			<ymin>39</ymin>
			<xmax>107</xmax>
			<ymax>199</ymax>
		</bndbox>
	</object>
</annotation>