<annotation>
	<folder>my-project-name</folder>
	<filename>images183.jpg</filename>
	<path>/my-project-name/images183.jpg</path>
	<source>
		<database>Unspecified</database>
	</source>
	<size>
		<width>271</width>
		<height>186</height>
		<depth>3</depth>
	</size>
	<object>
		<name>Cigarette</name>
		<pose>Unspecified</pose>
		<truncated>Unspecified</truncated>
		<difficult>Unspecified</difficult>
		<bndbox>
			<xmin>160</xmin>
			<ymin>124</ymin>
			<xmax>214</xmax>
			<ymax>141</ymax>
		</bndbox>
	</object>
</annotation>