<annotation>
	<folder>train</folder>
	<filename>image27.jpeg</filename>
	<path>/train/image27.jpeg</path>
	<source>
		<database>Unspecified</database>
	</source>
	<size>
		<width>314</width>
		<height>161</height>
		<depth>3</depth>
	</size>
	<object>
		<name>Cigarette</name>
		<pose>Unspecified</pose>
		<truncated>Unspecified</truncated>
		<difficult>Unspecified</difficult>
		<bndbox>
			<xmin>139</xmin>
			<ymin>11</ymin>
			<xmax>224</xmax>
			<ymax>106</ymax>
		</bndbox>
	</object>
</annotation>