<annotation>
	<folder>my-project-name</folder>
	<filename>images292.jpg</filename>
	<path>/my-project-name/images292.jpg</path>
	<source>
		<database>Unspecified</database>
	</source>
	<size>
		<width>225</width>
		<height>225</height>
		<depth>3</depth>
	</size>
	<object>
		<name>Cigarette</name>
		<pose>Unspecified</pose>
		<truncated>Unspecified</truncated>
		<difficult>Unspecified</difficult>
		<bndbox>
			<xmin>28</xmin>
			<ymin>37</ymin>
			<xmax>71</xmax>
			<ymax>81</ymax>
		</bndbox>
	</object>
</annotation>