<annotation>
	<folder>my-project-name</folder>
	<filename>images407.jpg</filename>
	<path>/my-project-name/images407.jpg</path>
	<source>
		<database>Unspecified</database>
	</source>
	<size>
		<width>276</width>
		<height>183</height>
		<depth>3</depth>
	</size>
	<object>
		<name>Cigarette</name>
		<pose>Unspecified</pose>
		<truncated>Unspecified</truncated>
		<difficult>Unspecified</difficult>
		<bndbox>
			<xmin>26</xmin>
			<ymin>29</ymin>
			<xmax>243</xmax>
			<ymax>168</ymax>
		</bndbox>
	</object>
</annotation>