<annotation>
	<folder>my-project-name</folder>
	<filename>images294.jpg</filename>
	<path>/my-project-name/images294.jpg</path>
	<source>
		<database>Unspecified</database>
	</source>
	<size>
		<width>260</width>
		<height>194</height>
		<depth>3</depth>
	</size>
	<object>
		<name>Cigarette</name>
		<pose>Unspecified</pose>
		<truncated>Unspecified</truncated>
		<difficult>Unspecified</difficult>
		<bndbox>
			<xmin>135</xmin>
			<ymin>86</ymin>
			<xmax>168</xmax>
			<ymax>137</ymax>
		</bndbox>
	</object>
	<object>
		<name>Cigarette</name>
		<pose>Unspecified</pose>
		<truncated>Unspecified</truncated>
		<difficult>Unspecified</difficult>
		<bndbox>
			<xmin>175</xmin>
			<ymin>62</ymin>
			<xmax>216</xmax>
			<ymax>78</ymax>
		</bndbox>
	</object>
</annotation>