<annotation>
	<folder>my-project-name</folder>
	<filename>image13.jpeg</filename>
	<path>/my-project-name/image13.jpeg</path>
	<source>
		<database>Unspecified</database>
	</source>
	<size>
		<width>225</width>
		<height>225</height>
		<depth>3</depth>
	</size>
	<object>
		<name>Cigarette</name>
		<pose>Unspecified</pose>
		<truncated>Unspecified</truncated>
		<difficult>Unspecified</difficult>
		<bndbox>
			<xmin>98</xmin>
			<ymin>83</ymin>
			<xmax>225</xmax>
			<ymax>150</ymax>
		</bndbox>
	</object>
</annotation>