<annotation>
	<folder>my-project-name</folder>
	<filename>images23.jpg</filename>
	<path>/my-project-name/images23.jpg</path>
	<source>
		<database>Unspecified</database>
	</source>
	<size>
		<width>259</width>
		<height>194</height>
		<depth>3</depth>
	</size>
	<object>
		<name>Cigarette</name>
		<pose>Unspecified</pose>
		<truncated>Unspecified</truncated>
		<difficult>Unspecified</difficult>
		<bndbox>
			<xmin>115</xmin>
			<ymin>71</ymin>
			<xmax>163</xmax>
			<ymax>125</ymax>
		</bndbox>
	</object>
</annotation>