<annotation>
	<folder>my-project-name</folder>
	<filename>images130.jpg</filename>
	<path>/my-project-name/images130.jpg</path>
	<source>
		<database>Unspecified</database>
	</source>
	<size>
		<width>275</width>
		<height>183</height>
		<depth>3</depth>
	</size>
	<object>
		<name>Cigarette</name>
		<pose>Unspecified</pose>
		<truncated>Unspecified</truncated>
		<difficult>Unspecified</difficult>
		<bndbox>
			<xmin>201</xmin>
			<ymin>160</ymin>
			<xmax>229</xmax>
			<ymax>177</ymax>
		</bndbox>
	</object>
	<object>
		<name>Cigarette</name>
		<pose>Unspecified</pose>
		<truncated>Unspecified</truncated>
		<difficult>Unspecified</difficult>
		<bndbox>
			<xmin>45</xmin>
			<ymin>158</ymin>
			<xmax>86</xmax>
			<ymax>177</ymax>
		</bndbox>
	</object>
</annotation>