<annotation>
	<folder>my-project-name</folder>
	<filename>image31.jpeg</filename>
	<path>/my-project-name/image31.jpeg</path>
	<source>
		<database>Unspecified</database>
	</source>
	<size>
		<width>259</width>
		<height>194</height>
		<depth>3</depth>
	</size>
	<object>
		<name>Cigarette</name>
		<pose>Unspecified</pose>
		<truncated>Unspecified</truncated>
		<difficult>Unspecified</difficult>
		<bndbox>
			<xmin>104</xmin>
			<ymin>94</ymin>
			<xmax>141</xmax>
			<ymax>125</ymax>
		</bndbox>
	</object>
</annotation>