<annotation>
	<folder>my-project-name</folder>
	<filename>image25.jpeg</filename>
	<path>/my-project-name/image25.jpeg</path>
	<source>
		<database>Unspecified</database>
	</source>
	<size>
		<width>275</width>
		<height>183</height>
		<depth>3</depth>
	</size>
	<object>
		<name>Cigarette</name>
		<pose>Unspecified</pose>
		<truncated>Unspecified</truncated>
		<difficult>Unspecified</difficult>
		<bndbox>
			<xmin>116</xmin>
			<ymin>38</ymin>
			<xmax>162</xmax>
			<ymax>105</ymax>
		</bndbox>
	</object>
</annotation>