<annotation>
	<folder>my-project-name</folder>
	<filename>images132.jpg</filename>
	<path>/my-project-name/images132.jpg</path>
	<source>
		<database>Unspecified</database>
	</source>
	<size>
		<width>295</width>
		<height>171</height>
		<depth>3</depth>
	</size>
	<object>
		<name>Cigarette</name>
		<pose>Unspecified</pose>
		<truncated>Unspecified</truncated>
		<difficult>Unspecified</difficult>
		<bndbox>
			<xmin>55</xmin>
			<ymin>48</ymin>
			<xmax>199</xmax>
			<ymax>113</ymax>
		</bndbox>
	</object>
</annotation>