<annotation>
	<folder>my-project-name</folder>
	<filename>images373.jpg</filename>
	<path>/my-project-name/images373.jpg</path>
	<source>
		<database>Unspecified</database>
	</source>
	<size>
		<width>222</width>
		<height>227</height>
		<depth>3</depth>
	</size>
	<object>
		<name>Cigarette</name>
		<pose>Unspecified</pose>
		<truncated>Unspecified</truncated>
		<difficult>Unspecified</difficult>
		<bndbox>
			<xmin>122</xmin>
			<ymin>73</ymin>
			<xmax>159</xmax>
			<ymax>158</ymax>
		</bndbox>
	</object>
	<object>
		<name>Cigarette</name>
		<pose>Unspecified</pose>
		<truncated>Unspecified</truncated>
		<difficult>Unspecified</difficult>
		<bndbox>
			<xmin>89</xmin>
			<ymin>152</ymin>
			<xmax>154</xmax>
			<ymax>205</ymax>
		</bndbox>
	</object>
	<object>
		<name>Cigarette</name>
		<pose>Unspecified</pose>
		<truncated>Unspecified</truncated>
		<difficult>Unspecified</difficult>
		<bndbox>
			<xmin>49</xmin>
			<ymin>6</ymin>
			<xmax>108</xmax>
			<ymax>35</ymax>
		</bndbox>
	</object>
</annotation>