<annotation>
	<folder>my-project-name</folder>
	<filename>images359.jpg</filename>
	<path>/my-project-name/images359.jpg</path>
	<source>
		<database>Unspecified</database>
	</source>
	<size>
		<width>100</width>
		<height>100</height>
		<depth>3</depth>
	</size>
	<object>
		<name>Cigarette</name>
		<pose>Unspecified</pose>
		<truncated>Unspecified</truncated>
		<difficult>Unspecified</difficult>
		<bndbox>
			<xmin>10</xmin>
			<ymin>53</ymin>
			<xmax>85</xmax>
			<ymax>97</ymax>
		</bndbox>
	</object>
</annotation>