<annotation>
	<folder>my-project-name</folder>
	<filename>images248.jpg</filename>
	<path>/my-project-name/images248.jpg</path>
	<source>
		<database>Unspecified</database>
	</source>
	<size>
		<width>259</width>
		<height>194</height>
		<depth>3</depth>
	</size>
	<object>
		<name>Cigarette</name>
		<pose>Unspecified</pose>
		<truncated>Unspecified</truncated>
		<difficult>Unspecified</difficult>
		<bndbox>
			<xmin>73</xmin>
			<ymin>65</ymin>
			<xmax>137</xmax>
			<ymax>107</ymax>
		</bndbox>
	</object>
</annotation>