<annotation>
	<folder>my-project-name</folder>
	<filename>images33.jpg</filename>
	<path>/my-project-name/images33.jpg</path>
	<source>
		<database>Unspecified</database>
	</source>
	<size>
		<width>186</width>
		<height>271</height>
		<depth>3</depth>
	</size>
	<object>
		<name>Cigarette</name>
		<pose>Unspecified</pose>
		<truncated>Unspecified</truncated>
		<difficult>Unspecified</difficult>
		<bndbox>
			<xmin>41</xmin>
			<ymin>29</ymin>
			<xmax>156</xmax>
			<ymax>269</ymax>
		</bndbox>
	</object>
</annotation>