<annotation>
	<folder>my-project-name</folder>
	<filename>images204.jpg</filename>
	<path>/my-project-name/images204.jpg</path>
	<source>
		<database>Unspecified</database>
	</source>
	<size>
		<width>218</width>
		<height>231</height>
		<depth>3</depth>
	</size>
	<object>
		<name>Cigarette</name>
		<pose>Unspecified</pose>
		<truncated>Unspecified</truncated>
		<difficult>Unspecified</difficult>
		<bndbox>
			<xmin>73</xmin>
			<ymin>14</ymin>
			<xmax>162</xmax>
			<ymax>186</ymax>
		</bndbox>
	</object>
</annotation>