<annotation>
	<folder>my-project-name</folder>
	<filename>images229.jpg</filename>
	<path>/my-project-name/images229.jpg</path>
	<source>
		<database>Unspecified</database>
	</source>
	<size>
		<width>313</width>
		<height>161</height>
		<depth>3</depth>
	</size>
	<object>
		<name>Cigarette</name>
		<pose>Unspecified</pose>
		<truncated>Unspecified</truncated>
		<difficult>Unspecified</difficult>
		<bndbox>
			<xmin>10</xmin>
			<ymin>74</ymin>
			<xmax>133</xmax>
			<ymax>135</ymax>
		</bndbox>
	</object>
	<object>
		<name>Cigarette</name>
		<pose>Unspecified</pose>
		<truncated>Unspecified</truncated>
		<difficult>Unspecified</difficult>
		<bndbox>
			<xmin>127</xmin>
			<ymin>26</ymin>
			<xmax>218</xmax>
			<ymax>132</ymax>
		</bndbox>
	</object>
	<object>
		<name>Cigarette</name>
		<pose>Unspecified</pose>
		<truncated>Unspecified</truncated>
		<difficult>Unspecified</difficult>
		<bndbox>
			<xmin>240</xmin>
			<ymin>15</ymin>
			<xmax>306</xmax>
			<ymax>126</ymax>
		</bndbox>
	</object>
</annotation>