<annotation>
	<folder>my-project-name</folder>
	<filename>images418.jpg</filename>
	<path>/my-project-name/images418.jpg</path>
	<source>
		<database>Unspecified</database>
	</source>
	<size>
		<width>318</width>
		<height>159</height>
		<depth>3</depth>
	</size>
	<object>
		<name>Cigarette</name>
		<pose>Unspecified</pose>
		<truncated>Unspecified</truncated>
		<difficult>Unspecified</difficult>
		<bndbox>
			<xmin>76</xmin>
			<ymin>56</ymin>
			<xmax>252</xmax>
			<ymax>129</ymax>
		</bndbox>
	</object>
</annotation>