<annotation>
	<folder>my-project-name</folder>
	<filename>images282.jpg</filename>
	<path>/my-project-name/images282.jpg</path>
	<source>
		<database>Unspecified</database>
	</source>
	<size>
		<width>264</width>
		<height>191</height>
		<depth>3</depth>
	</size>
	<object>
		<name>Cigarette</name>
		<pose>Unspecified</pose>
		<truncated>Unspecified</truncated>
		<difficult>Unspecified</difficult>
		<bndbox>
			<xmin>134</xmin>
			<ymin>56</ymin>
			<xmax>214</xmax>
			<ymax>128</ymax>
		</bndbox>
	</object>
</annotation>