<annotation>
	<folder>my-project-name</folder>
	<filename>images189.jpg</filename>
	<path>/my-project-name/images189.jpg</path>
	<source>
		<database>Unspecified</database>
	</source>
	<size>
		<width>263</width>
		<height>192</height>
		<depth>3</depth>
	</size>
	<object>
		<name>Cigarette</name>
		<pose>Unspecified</pose>
		<truncated>Unspecified</truncated>
		<difficult>Unspecified</difficult>
		<bndbox>
			<xmin>185</xmin>
			<ymin>38</ymin>
			<xmax>227</xmax>
			<ymax>56</ymax>
		</bndbox>
	</object>
</annotation>