<annotation>
	<folder>my-project-name</folder>
	<filename>images376.jpg</filename>
	<path>/my-project-name/images376.jpg</path>
	<source>
		<database>Unspecified</database>
	</source>
	<size>
		<width>275</width>
		<height>183</height>
		<depth>3</depth>
	</size>
	<object>
		<name>Cigarette</name>
		<pose>Unspecified</pose>
		<truncated>Unspecified</truncated>
		<difficult>Unspecified</difficult>
		<bndbox>
			<xmin>52</xmin>
			<ymin>108</ymin>
			<xmax>106</xmax>
			<ymax>137</ymax>
		</bndbox>
	</object>
</annotation>