<annotation>
	<folder>my-project-name</folder>
	<filename>images99.jpg</filename>
	<path>/my-project-name/images99.jpg</path>
	<source>
		<database>Unspecified</database>
	</source>
	<size>
		<width>262</width>
		<height>193</height>
		<depth>3</depth>
	</size>
	<object>
		<name>Cigarette</name>
		<pose>Unspecified</pose>
		<truncated>Unspecified</truncated>
		<difficult>Unspecified</difficult>
		<bndbox>
			<xmin>55</xmin>
			<ymin>91</ymin>
			<xmax>150</xmax>
			<ymax>121</ymax>
		</bndbox>
	</object>
</annotation>