<annotation>
	<folder>my-project-name</folder>
	<filename>images145.jpg</filename>
	<path>/my-project-name/images145.jpg</path>
	<source>
		<database>Unspecified</database>
	</source>
	<size>
		<width>299</width>
		<height>168</height>
		<depth>3</depth>
	</size>
	<object>
		<name>Cigarette</name>
		<pose>Unspecified</pose>
		<truncated>Unspecified</truncated>
		<difficult>Unspecified</difficult>
		<bndbox>
			<xmin>47</xmin>
			<ymin>72</ymin>
			<xmax>253</xmax>
			<ymax>124</ymax>
		</bndbox>
	</object>
</annotation>