<annotation>
	<folder>my-project-name</folder>
	<filename>images116.jpg</filename>
	<path>/my-project-name/images116.jpg</path>
	<source>
		<database>Unspecified</database>
	</source>
	<size>
		<width>300</width>
		<height>168</height>
		<depth>3</depth>
	</size>
	<object>
		<name>Cigarette</name>
		<pose>Unspecified</pose>
		<truncated>Unspecified</truncated>
		<difficult>Unspecified</difficult>
		<bndbox>
			<xmin>55</xmin>
			<ymin>96</ymin>
			<xmax>142</xmax>
			<ymax>130</ymax>
		</bndbox>
	</object>
	<object>
		<name>Cigarette</name>
		<pose>Unspecified</pose>
		<truncated>Unspecified</truncated>
		<difficult>Unspecified</difficult>
		<bndbox>
			<xmin>147</xmin>
			<ymin>82</ymin>
			<xmax>193</xmax>
			<ymax>121</ymax>
		</bndbox>
	</object>
</annotation>