<annotation>
	<folder>my-project-name</folder>
	<filename>images77.jpg</filename>
	<path>/my-project-name/images77.jpg</path>
	<source>
		<database>Unspecified</database>
	</source>
	<size>
		<width>220</width>
		<height>220</height>
		<depth>3</depth>
	</size>
	<object>
		<name>Cigarette</name>
		<pose>Unspecified</pose>
		<truncated>Unspecified</truncated>
		<difficult>Unspecified</difficult>
		<bndbox>
			<xmin>40</xmin>
			<ymin>24</ymin>
			<xmax>184</xmax>
			<ymax>173</ymax>
		</bndbox>
	</object>
</annotation>