<annotation>
	<folder>my-project-name</folder>
	<filename>images276.jpg</filename>
	<path>/my-project-name/images276.jpg</path>
	<source>
		<database>Unspecified</database>
	</source>
	<size>
		<width>225</width>
		<height>225</height>
		<depth>3</depth>
	</size>
	<object>
		<name>Cigarette</name>
		<pose>Unspecified</pose>
		<truncated>Unspecified</truncated>
		<difficult>Unspecified</difficult>
		<bndbox>
			<xmin>68</xmin>
			<ymin>77</ymin>
			<xmax>142</xmax>
			<ymax>133</ymax>
		</bndbox>
	</object>
</annotation>