<annotation>
	<folder>my-project-name</folder>
	<filename>images284.jpg</filename>
	<path>/my-project-name/images284.jpg</path>
	<source>
		<database>Unspecified</database>
	</source>
	<size>
		<width>296</width>
		<height>170</height>
		<depth>3</depth>
	</size>
	<object>
		<name>Cigarette</name>
		<pose>Unspecified</pose>
		<truncated>Unspecified</truncated>
		<difficult>Unspecified</difficult>
		<bndbox>
			<xmin>36</xmin>
			<ymin>65</ymin>
			<xmax>258</xmax>
			<ymax>108</ymax>
		</bndbox>
	</object>
</annotation>