<annotation>
	<folder>my-project-name</folder>
	<filename>images217.jpg</filename>
	<path>/my-project-name/images217.jpg</path>
	<source>
		<database>Unspecified</database>
	</source>
	<size>
		<width>184</width>
		<height>274</height>
		<depth>3</depth>
	</size>
	<object>
		<name>Cigarette</name>
		<pose>Unspecified</pose>
		<truncated>Unspecified</truncated>
		<difficult>Unspecified</difficult>
		<bndbox>
			<xmin>56</xmin>
			<ymin>64</ymin>
			<xmax>100</xmax>
			<ymax>160</ymax>
		</bndbox>
	</object>
</annotation>