<annotation>
	<folder>my-project-name</folder>
	<filename>images163.jpg</filename>
	<path>/my-project-name/images163.jpg</path>
	<source>
		<database>Unspecified</database>
	</source>
	<size>
		<width>263</width>
		<height>191</height>
		<depth>3</depth>
	</size>
	<object>
		<name>Cigarette</name>
		<pose>Unspecified</pose>
		<truncated>Unspecified</truncated>
		<difficult>Unspecified</difficult>
		<bndbox>
			<xmin>107</xmin>
			<ymin>76</ymin>
			<xmax>156</xmax>
			<ymax>100</ymax>
		</bndbox>
	</object>
</annotation>