<annotation>
	<folder>my-project-name</folder>
	<filename>images308.jpg</filename>
	<path>/my-project-name/images308.jpg</path>
	<source>
		<database>Unspecified</database>
	</source>
	<size>
		<width>259</width>
		<height>194</height>
		<depth>3</depth>
	</size>
	<object>
		<name>Cigarette</name>
		<pose>Unspecified</pose>
		<truncated>Unspecified</truncated>
		<difficult>Unspecified</difficult>
		<bndbox>
			<xmin>40</xmin>
			<ymin>6</ymin>
			<xmax>200</xmax>
			<ymax>135</ymax>
		</bndbox>
	</object>
</annotation>