<annotation>
	<folder>my-project-name</folder>
	<filename>images6.jpg</filename>
	<path>/my-project-name/images6.jpg</path>
	<source>
		<database>Unspecified</database>
	</source>
	<size>
		<width>275</width>
		<height>183</height>
		<depth>3</depth>
	</size>
	<object>
		<name>Cigarette</name>
		<pose>Unspecified</pose>
		<truncated>Unspecified</truncated>
		<difficult>Unspecified</difficult>
		<bndbox>
			<xmin>53</xmin>
			<ymin>18</ymin>
			<xmax>144</xmax>
			<ymax>131</ymax>
		</bndbox>
	</object>
	<object>
		<name>Cigarette</name>
		<pose>Unspecified</pose>
		<truncated>Unspecified</truncated>
		<difficult>Unspecified</difficult>
		<bndbox>
			<xmin>131</xmin>
			<ymin>68</ymin>
			<xmax>251</xmax>
			<ymax>141</ymax>
		</bndbox>
	</object>
</annotation>