<annotation>
	<folder>my-project-name</folder>
	<filename>image22.jpeg</filename>
	<path>/my-project-name/image22.jpeg</path>
	<source>
		<database>Unspecified</database>
	</source>
	<size>
		<width>284</width>
		<height>177</height>
		<depth>3</depth>
	</size>
	<object>
		<name>Cigarette</name>
		<pose>Unspecified</pose>
		<truncated>Unspecified</truncated>
		<difficult>Unspecified</difficult>
		<bndbox>
			<xmin>168</xmin>
			<ymin>138</ymin>
			<xmax>200</xmax>
			<ymax>170</ymax>
		</bndbox>
	</object>
	<object>
		<name>Cigarette</name>
		<pose>Unspecified</pose>
		<truncated>Unspecified</truncated>
		<difficult>Unspecified</difficult>
		<bndbox>
			<xmin>58</xmin>
			<ymin>73</ymin>
			<xmax>91</xmax>
			<ymax>91</ymax>
		</bndbox>
	</object>
	<object>
		<name>Cigarette</name>
		<pose>Unspecified</pose>
		<truncated>Unspecified</truncated>
		<difficult>Unspecified</difficult>
		<bndbox>
			<xmin>148</xmin>
			<ymin>43</ymin>
			<xmax>174</xmax>
			<ymax>54</ymax>
		</bndbox>
	</object>
</annotation>