<annotation>
	<folder>my-project-name</folder>
	<filename>images420.jpg</filename>
	<path>/my-project-name/images420.jpg</path>
	<source>
		<database>Unspecified</database>
	</source>
	<size>
		<width>289</width>
		<height>174</height>
		<depth>3</depth>
	</size>
	<object>
		<name>Cigarette</name>
		<pose>Unspecified</pose>
		<truncated>Unspecified</truncated>
		<difficult>Unspecified</difficult>
		<bndbox>
			<xmin>163</xmin>
			<ymin>110</ymin>
			<xmax>223</xmax>
			<ymax>128</ymax>
		</bndbox>
	</object>
</annotation>