<annotation>
	<folder>my-project-name</folder>
	<filename>images222.jpg</filename>
	<path>/my-project-name/images222.jpg</path>
	<source>
		<database>Unspecified</database>
	</source>
	<size>
		<width>269</width>
		<height>187</height>
		<depth>3</depth>
	</size>
	<object>
		<name>Cigarette</name>
		<pose>Unspecified</pose>
		<truncated>Unspecified</truncated>
		<difficult>Unspecified</difficult>
		<bndbox>
			<xmin>88</xmin>
			<ymin>114</ymin>
			<xmax>152</xmax>
			<ymax>153</ymax>
		</bndbox>
	</object>
</annotation>