<annotation>
	<folder>my-project-name</folder>
	<filename>images326.jpg</filename>
	<path>/my-project-name/images326.jpg</path>
	<source>
		<database>Unspecified</database>
	</source>
	<size>
		<width>272</width>
		<height>185</height>
		<depth>3</depth>
	</size>
	<object>
		<name>Cigarette</name>
		<pose>Unspecified</pose>
		<truncated>Unspecified</truncated>
		<difficult>Unspecified</difficult>
		<bndbox>
			<xmin>92</xmin>
			<ymin>60</ymin>
			<xmax>126</xmax>
			<ymax>109</ymax>
		</bndbox>
	</object>
	<object>
		<name>Cigarette</name>
		<pose>Unspecified</pose>
		<truncated>Unspecified</truncated>
		<difficult>Unspecified</difficult>
		<bndbox>
			<xmin>154</xmin>
			<ymin>48</ymin>
			<xmax>212</xmax>
			<ymax>107</ymax>
		</bndbox>
	</object>
</annotation>