<annotation>
	<folder>my-project-name</folder>
	<filename>images131.jpg</filename>
	<path>/my-project-name/images131.jpg</path>
	<source>
		<database>Unspecified</database>
	</source>
	<size>
		<width>224</width>
		<height>225</height>
		<depth>3</depth>
	</size>
	<object>
		<name>Cigarette</name>
		<pose>Unspecified</pose>
		<truncated>Unspecified</truncated>
		<difficult>Unspecified</difficult>
		<bndbox>
			<xmin>69</xmin>
			<ymin>78</ymin>
			<xmax>121</xmax>
			<ymax>164</ymax>
		</bndbox>
	</object>
</annotation>