<annotation>
	<folder>my-project-name</folder>
	<filename>images144.jpg</filename>
	<path>/my-project-name/images144.jpg</path>
	<source>
		<database>Unspecified</database>
	</source>
	<size>
		<width>289</width>
		<height>174</height>
		<depth>3</depth>
	</size>
	<object>
		<name>Cigarette</name>
		<pose>Unspecified</pose>
		<truncated>Unspecified</truncated>
		<difficult>Unspecified</difficult>
		<bndbox>
			<xmin>113</xmin>
			<ymin>74</ymin>
			<xmax>185</xmax>
			<ymax>87</ymax>
		</bndbox>
	</object>
</annotation>