<annotation>
	<folder>my-project-name</folder>
	<filename>images417.jpg</filename>
	<path>/my-project-name/images417.jpg</path>
	<source>
		<database>Unspecified</database>
	</source>
	<size>
		<width>194</width>
		<height>259</height>
		<depth>3</depth>
	</size>
	<object>
		<name>Cigarette</name>
		<pose>Unspecified</pose>
		<truncated>Unspecified</truncated>
		<difficult>Unspecified</difficult>
		<bndbox>
			<xmin>84</xmin>
			<ymin>77</ymin>
			<xmax>160</xmax>
			<ymax>94</ymax>
		</bndbox>
	</object>
</annotation>