<annotation>
	<folder>my-project-name</folder>
	<filename>images402.jpg</filename>
	<path>/my-project-name/images402.jpg</path>
	<source>
		<database>Unspecified</database>
	</source>
	<size>
		<width>266</width>
		<height>189</height>
		<depth>3</depth>
	</size>
	<object>
		<name>Cigarette</name>
		<pose>Unspecified</pose>
		<truncated>Unspecified</truncated>
		<difficult>Unspecified</difficult>
		<bndbox>
			<xmin>75</xmin>
			<ymin>96</ymin>
			<xmax>111</xmax>
			<ymax>122</ymax>
		</bndbox>
	</object>
</annotation>