<annotation>
	<folder>my-project-name</folder>
	<filename>images143.jpg</filename>
	<path>/my-project-name/images143.jpg</path>
	<source>
		<database>Unspecified</database>
	</source>
	<size>
		<width>260</width>
		<height>194</height>
		<depth>3</depth>
	</size>
	<object>
		<name>Cigarette</name>
		<pose>Unspecified</pose>
		<truncated>Unspecified</truncated>
		<difficult>Unspecified</difficult>
		<bndbox>
			<xmin>151</xmin>
			<ymin>45</ymin>
			<xmax>212</xmax>
			<ymax>92</ymax>
		</bndbox>
	</object>
</annotation>