<annotation>
	<folder>my-project-name</folder>
	<filename>images152.jpg</filename>
	<path>/my-project-name/images152.jpg</path>
	<source>
		<database>Unspecified</database>
	</source>
	<size>
		<width>310</width>
		<height>163</height>
		<depth>3</depth>
	</size>
	<object>
		<name>Cigarette</name>
		<pose>Unspecified</pose>
		<truncated>Unspecified</truncated>
		<difficult>Unspecified</difficult>
		<bndbox>
			<xmin>74</xmin>
			<ymin>112</ymin>
			<xmax>118</xmax>
			<ymax>131</ymax>
		</bndbox>
	</object>
</annotation>