<annotation>
	<folder>my-project-name</folder>
	<filename>images171.jpg</filename>
	<path>/my-project-name/images171.jpg</path>
	<source>
		<database>Unspecified</database>
	</source>
	<size>
		<width>274</width>
		<height>184</height>
		<depth>3</depth>
	</size>
	<object>
		<name>Cigarette</name>
		<pose>Unspecified</pose>
		<truncated>Unspecified</truncated>
		<difficult>Unspecified</difficult>
		<bndbox>
			<xmin>131</xmin>
			<ymin>86</ymin>
			<xmax>211</xmax>
			<ymax>147</ymax>
		</bndbox>
	</object>
</annotation>