<annotation>
	<folder>my-project-name</folder>
	<filename>images46.jpg</filename>
	<path>/my-project-name/images46.jpg</path>
	<source>
		<database>Unspecified</database>
	</source>
	<size>
		<width>275</width>
		<height>183</height>
		<depth>3</depth>
	</size>
	<object>
		<name>Cigarette</name>
		<pose>Unspecified</pose>
		<truncated>Unspecified</truncated>
		<difficult>Unspecified</difficult>
		<bndbox>
			<xmin>160</xmin>
			<ymin>107</ymin>
			<xmax>198</xmax>
			<ymax>123</ymax>
		</bndbox>
	</object>
</annotation>