<annotation>
	<folder>my-project-name</folder>
	<filename>images177.jpg</filename>
	<path>/my-project-name/images177.jpg</path>
	<source>
		<database>Unspecified</database>
	</source>
	<size>
		<width>195</width>
		<height>258</height>
		<depth>3</depth>
	</size>
	<object>
		<name>Cigarette</name>
		<pose>Unspecified</pose>
		<truncated>Unspecified</truncated>
		<difficult>Unspecified</difficult>
		<bndbox>
			<xmin>61</xmin>
			<ymin>51</ymin>
			<xmax>112</xmax>
			<ymax>200</ymax>
		</bndbox>
	</object>
</annotation>