<annotation>
	<folder>my-project-name</folder>
	<filename>images188.jpg</filename>
	<path>/my-project-name/images188.jpg</path>
	<source>
		<database>Unspecified</database>
	</source>
	<size>
		<width>265</width>
		<height>190</height>
		<depth>3</depth>
	</size>
	<object>
		<name>Cigarette</name>
		<pose>Unspecified</pose>
		<truncated>Unspecified</truncated>
		<difficult>Unspecified</difficult>
		<bndbox>
			<xmin>65</xmin>
			<ymin>100</ymin>
			<xmax>91</xmax>
			<ymax>109</ymax>
		</bndbox>
	</object>
	<object>
		<name>Cigarette</name>
		<pose>Unspecified</pose>
		<truncated>Unspecified</truncated>
		<difficult>Unspecified</difficult>
		<bndbox>
			<xmin>102</xmin>
			<ymin>81</ymin>
			<xmax>121</xmax>
			<ymax>113</ymax>
		</bndbox>
	</object>
</annotation>