<annotation>
	<folder>my-project-name</folder>
	<filename>images421.jpg</filename>
	<path>/my-project-name/images421.jpg</path>
	<source>
		<database>Unspecified</database>
	</source>
	<size>
		<width>275</width>
		<height>183</height>
		<depth>3</depth>
	</size>
	<object>
		<name>Cigarette</name>
		<pose>Unspecified</pose>
		<truncated>Unspecified</truncated>
		<difficult>Unspecified</difficult>
		<bndbox>
			<xmin>178</xmin>
			<ymin>84</ymin>
			<xmax>203</xmax>
			<ymax>148</ymax>
		</bndbox>
	</object>
</annotation>