<annotation>
	<folder>my-project-name</folder>
	<filename>MaxPixel.freegreatpicture.com-Asphalt-Litter-Cigarette-Butt-Road-Pavement-2272356.jpg</filename>
	<path>/my-project-name/MaxPixel.freegreatpicture.com-Asphalt-Litter-Cigarette-Butt-Road-Pavement-2272356.jpg</path>
	<source>
		<database>Unspecified</database>
	</source>
	<size>
		<width>780</width>
		<height>520</height>
		<depth>3</depth>
	</size>
	<object>
		<name>Cigarette</name>
		<pose>Unspecified</pose>
		<truncated>Unspecified</truncated>
		<difficult>Unspecified</difficult>
		<bndbox>
			<xmin>257</xmin>
			<ymin>273</ymin>
			<xmax>512</xmax>
			<ymax>358</ymax>
		</bndbox>
	</object>
</annotation>