<annotation>
	<folder>my-project-name</folder>
	<filename>mm9070_190418_0661.jpg</filename>
	<path>/my-project-name/mm9070_190418_0661.jpg</path>
	<source>
		<database>Unspecified</database>
	</source>
	<size>
		<width>2112</width>
		<height>3072</height>
		<depth>3</depth>
	</size>
	<object>
		<name>Cigarette</name>
		<pose>Unspecified</pose>
		<truncated>Unspecified</truncated>
		<difficult>Unspecified</difficult>
		<bndbox>
			<xmin>409</xmin>
			<ymin>346</ymin>
			<xmax>1880</xmax>
			<ymax>3072</ymax>
		</bndbox>
	</object>
</annotation>