<annotation>
	<folder>my-project-name</folder>
	<filename>ng_are-cigarette-butts-an-environmental-health-threat_2716x1810_000012254058.jpg</filename>
	<path>/my-project-name/ng_are-cigarette-butts-an-environmental-health-threat_2716x1810_000012254058.jpg</path>
	<source>
		<database>Unspecified</database>
	</source>
	<size>
		<width>1440</width>
		<height>1080</height>
		<depth>3</depth>
	</size>
	<object>
		<name>Cigarette</name>
		<pose>Unspecified</pose>
		<truncated>Unspecified</truncated>
		<difficult>Unspecified</difficult>
		<bndbox>
			<xmin>214</xmin>
			<ymin>28</ymin>
			<xmax>1081</xmax>
			<ymax>836</ymax>
		</bndbox>
	</object>
</annotation>