<annotation>
	<folder>my-project-name</folder>
	<filename>stock-photo-cigarette-butt-lying-on-the-street-1826261387.jpg</filename>
	<path>/my-project-name/stock-photo-cigarette-butt-lying-on-the-street-1826261387.jpg</path>
	<source>
		<database>Unspecified</database>
	</source>
	<size>
		<width>1500</width>
		<height>1101</height>
		<depth>3</depth>
	</size>
	<object>
		<name>Cigarette</name>
		<pose>Unspecified</pose>
		<truncated>Unspecified</truncated>
		<difficult>Unspecified</difficult>
		<bndbox>
			<xmin>305</xmin>
			<ymin>272</ymin>
			<xmax>839</xmax>
			<ymax>604</ymax>
		</bndbox>
	</object>
</annotation>