<annotation>
	<folder>my-project-name</folder>
	<filename>t_2ed3e8b5889548e68502811e6cf9df5d_name_image.jpg</filename>
	<path>/my-project-name/t_2ed3e8b5889548e68502811e6cf9df5d_name_image.jpg</path>
	<source>
		<database>Unspecified</database>
	</source>
	<size>
		<width>1920</width>
		<height>1080</height>
		<depth>3</depth>
	</size>
	<object>
		<name>Cigarette</name>
		<pose>Unspecified</pose>
		<truncated>Unspecified</truncated>
		<difficult>Unspecified</difficult>
		<bndbox>
			<xmin>42</xmin>
			<ymin>551</ymin>
			<xmax>411</xmax>
			<ymax>704</ymax>
		</bndbox>
	</object>
</annotation>