<annotation>
	<folder>my-project-name</folder>
	<filename>thumb_1024x663_cigarette-1659048_1280.jpg</filename>
	<path>/my-project-name/thumb_1024x663_cigarette-1659048_1280.jpg</path>
	<source>
		<database>Unspecified</database>
	</source>
	<size>
		<width>1024</width>
		<height>663</height>
		<depth>3</depth>
	</size>
	<object>
		<name>Cigarette</name>
		<pose>Unspecified</pose>
		<truncated>Unspecified</truncated>
		<difficult>Unspecified</difficult>
		<bndbox>
			<xmin>433</xmin>
			<ymin>327</ymin>
			<xmax>657</xmax>
			<ymax>396</ymax>
		</bndbox>
	</object>
</annotation>